Key West Nas /Boca Chica Field (private U. S. Navy ),US,67,NQX
A L Mangham Jr. Regional,US,67,OCH
AAF Heliport,US,67,AYE
Aberdeen Regional,US,67,ABR
Abilene Regional,US,67,ABI
Abraham Lincoln Capital,US,67,SPI
Acadiana Regional,US,67,ARA
Accomack County,US,67,MFV
Ada Municial,US,67,ADT
Adak Island Ns,US,67,ADK
Addison Airport,US,67,ADS
Adirondack Regional,US,67,SLK
Af Aux,US,67,INS
AFB,US,67,HST
AFS,US,67,OHC
AFS,US,67,PML
Ainsworth,US,67,ANW
Airpark,US,67,MDD
Airstrip,US,67,VIK
Akhiok,US,67,AKK
Akiak,US,67,AKI
Akron Fulton International,US,67,AKC
Akron/canton Regional,US,67,CAK
Akutan,US,67,KQA
Alakanuk,US,67,AUK
Albany,US,67,CVO
Albany International,US,67,ALB
Albany NAS,US,67,NAB
Albert J Ellis,US,67,OAJ
Albert Lea,US,67,AEL
Albert Whitted,US,67,SPG
Albertus,US,67,FEP
Albuquerque International,US,67,ABQ
Aleknagik,US,67,WKK
Aleneva,US,67,AED
Alexander Field,US,67,ISW
Alexandria,US,67,AXN
Alexandria Bay,US,67,AXB
Alexandria International,US,67,AEX
Algona,US,67,AXG
Alitak SPB,US,67,ALZ
Allakaket,US,67,AET
Allegheny County,US,67,AGC
Allen County,US,67,AOH
Alliance Municipal,US,67,AIA
Alpena County Regional,US,67,APN
Alpine,US,67,ALE
Altoona-Blair County,US,67,AOO
Altus AFB,US,67,LTS
Altus/Quartz Mountain Regional,US,67,AXS
Alyeska,US,67,AQY
Ambler,US,67,ABL
Amchitka,US,67,AHT
Amedee AAF,US,67,AHC
Ames,US,67,AMW
Amook,US,67,AOS
Anacortes,US,67,OTS
Anaheim,US,67,ANA
Anaktuvuk,US,67,AKP
Anderson Municipal-Darlington,US,67,AID
Anderson Regional,US,67,AND
Andrau Airpark,US,67,AAP
Andrews,US,67,ADR
Andrews AFB,US,67,ADW
Andrews NAF,US,67,NSF
Angel Fire,US,67,AXX
Angoon,US,67,AGN
Aniak,US,67,ANI
Animas Airpark,US,67,AMK
Anita Bay,US,67,AIB
Annette Island,US,67,ANN
Anniston Metropolitan,US,67,ANB
Anthony,US,67,ANY
Antlers Municipal,US,67,ATE
Antrim County,US,67,ACB
Anvik,US,67,ANV
Ap In The Sky,US,67,CIB
Apalachicola Regional,US,67,AAF
Apple Valley,US,67,APV
Aransas County,US,67,RKP
Aransas National Wildlife Refuge,US,67,MGI
Arcata,US,67,ACV
Arctic Village,US,67,ARC
Ardmore Municipal Arpt,US,67,ADM
Arkansas City,US,67,WLD
Arnold AFS,US,67,TUH
Arnold Palmer Regional,US,67,LBE
Artesia,US,67,ATS
Asbury Park,US,67,ARX
Asheville Regional,US,67,AVL
Ashley,US,67,ASY
Ashtabula,US,67,JFN
Aspen,US,67,ASE
Astoria Regional,US,67,AST
Athens,US,67,AHN
Atka,US,67,AKB
Atlanta Nas,US,67,NCQ
Atlantic City International,US,67,ACY
Atmautluak,US,67,ATT
Atqasuk,US,67,ATK
Attala County,US,67,OSX
Auburn,US,67,AUN
Auburn,US,67,LEW
Auburn-Opelika,US,67,AUO
Augusta Regional,US,67,AGS
Augusta State,US,67,AUG
Aurora Municipal,US,67,AUZ
Austin,US,67,ASQ
Austin Municipal,US,67,AUM
Austin Straubel International,US,67,GRB
Austin-bergstrom International,US,67,AUS
Aux Field,US,67,NRC
Avalo Vor/WP,US,67,SXC
Avalon Bay,US,67,AVX
Avra Valley,US,67,AVW
Baca Grande,US,67,BCJ
Bader Field,US,67,AIY
Bagdad,US,67,BGT
Baker,US,67,BKE
Baker Aaf,US,67,BAR
Baldwin County,US,67,MLJ
Baltimore Greenbelt T,US,67,GBO
Baltimore Rail,US,67,ZBP
Baltimore/Washington International Thurgood Marshall,US,67,BWI
Bangor International Airport,US,67,BGR
Banning Municipal,US,67,BNG
Bar Harbor,US,67,BHB
Barin Olf Osn,US,67,NHX
Barking Sands PMRF,US,67,BKH
Barkley Regional,US,67,PAH
Barksdale AFB,US,67,BAD
Barnes,US,67,BNH
Barnes,US,67,BAF
Barnstable,US,67,HYA
Barnwell Regional,US,67,BNL
Barstow-Daggett,US,67,DAG
Barter Island,US,67,BTI
Bartlesville,US,67,BVO
Bartlett SPB,US,67,BQV
Bartletts,US,67,BSZ
Bartow,US,67,BOW
Battery Pk City/N. Cov,US,67,NBP
Baudette,US,67,BDE
Bay City,US,67,BBC
Bay County (Closed),US,67,PFN
Baytown Airport,US,67,HPY
Beale AFB,US,67,BAB
Bear Creek 3,US,67,BCC
Beatrice,US,67,BIE
Beatty,US,67,BTY
Beaumont Muni,US,67,BMT
Beauregard Parish,US,67,DRI
Beaver,US,67,WBQ
Beaver Creek Van Svce.,US,67,ZBV
Beaver Falls,US,67,BFP
Beaver Ruin,US,67,JAO
Beckley,US,67,BKW
Beech,US,67,BEC
Bellefonte,US,67,PSB
Bellingham International,US,67,BLI
Bellows Field,US,67,BLW
Beluga,US,67,BVU
Bemidji Regional,US,67,BJI
Bennettsville,US,67,BTN
Berkeley,US,67,JBK
Berlin Municipal Airport,US,67,BML
Bermuda Dunes,US,67,UDD
Bert Mooney Airport,US,67,BTM
Bethel Airport,US,67,BET
Bettles,US,67,BTT
Beverly Municiple Airport,US,67,BVY
Bhurban Heliport,US,67,BHC
Bicycle Lake AAF,US,67,BYS
Big Bear City Arpt,US,67,RBF
Big Creek,US,67,BIC
Big Lake,US,67,BGQ
Big Mountain,US,67,BMX
Big Piney-marbleton,US,67,BPI
Big Rapids,US,67,WBR
Biggs Aaf,US,67,BIF
Bill and Hillary Clinton National/Adams Field,US,67,LIT
Billings Logan International,US,67,BIL
Birch Creek,US,67,KBC
Birchwood-Pocono,US,67,ESP
Birmingham-Shuttlesworth International,US,67,BHM
Bisbee Municipal Arpt,US,67,BSQ
Bisbee-Douglas International,US,67,DGF
Bisbee-Douglas Intl,US,67,DUG
Bishop,US,67,BIH
Bishop International,US,67,FNT
Bismarck Municipal,US,67,BIS
Black Hills,US,67,SPF
Blackstone AAF,US,67,BKT
Blackwell,US,67,BWL
Blaine,US,67,BWS
Blairsville,US,67,BSI
Blakely Island,US,67,BYW
Blanding,US,67,BDG
Block Island,US,67,BID
Bloomington,US,67,BMG
Blosser Municipal,US,67,CNK
Blue Canyon,US,67,BLU
Blue Fox Bay,US,67,BFB
Blue Grass,US,67,LEX
Blue Grass Station Army Heliport,US,67,LSD
Blythe,US,67,BLH
Blytheville AFB,US,67,BYH
Bob Barker Memorial,US,67,IAN
Bob Hope,US,67,BUR
Bob Sikes,US,67,CEW
Boca Raton,US,67,BCT
Boeing Field / King County International,US,67,BFI
Boire Field,US,67,ASH
Boise Air Terminal/Gowen Field,US,67,BOI
Bolling AFB,US,67,BOF
Bomar Field,US,67,SYI
Boone,US,67,BNW
Boone County,US,67,HRO
Borger,US,67,BGD
Bornite Upper,US,67,RLU
Borrego Springs,US,67,BXS
Boston BKBAY Rail,US,67,ZTY
Boston City Heliport,US,67,JBC
Boston RT128 Rail,US,67,ZRU
Boston South Rail,US,67,ZTO
Boswell Bay,US,67,BSW
Boulder City Municipal,US,67,BLD
Boundary,US,67,BYA
Boundary Bay,US,67,JNU
Bowerman,US,67,HQM
Bowers Field,US,67,ELN
Bowman,US,67,BWM
Bowman Field Airport,US,67,LOU
Boxborough,US,67,BXC
Bozeman Yellowstone International,US,67,BZN
Brackett Field,US,67,POC
Bradford Regional,US,67,BFD
Bradley International,US,67,BDL
Bradshaw AAF,US,67,BSF
Brainard,US,67,HFD
Brainerd Lakes Regional,US,67,BRD
Branson,US,67,BKG
Brawley,US,67,BWC
Brazoria County,US,67,LJN
Bremerton National,US,67,PWT
Brevig Mission,US,67,KTS
Brewster Field,US,67,HDE
Brigham City,US,67,BMC
Broadus,US,67,BDX
Broken Bow,US,67,BBW
Broker Inn,US,67,WBI
Brookhaven,US,67,WSH
Brookings Regional (Municipal),US,67,BKX
Brookings State,US,67,BOK
Brooks Lodge,US,67,RBH
Brown Field Municipal,US,67,SDM
Browns,US,67,EPG
Brownwood,US,67,BWD
Brunswick Golden Isles,US,67,NEA
Brunswick Golden Isles Airport,US,67,BQK
Bryant AAF,US,67,FRN
Bryce,US,67,BCE
Buchanan Field,US,67,CCR
Buckeye Municipal,US,67,BXK
Buckhorn Ranch,US,67,CSE
Buckland,US,67,BKC
Buffalo Depew Rr,US,67,ZFZ
Buffalo Municipal Airport,US,67,BFK
Buffalo Niagara International,US,67,BUF
Bullfrog Basin,US,67,BFG
Burke Lakefront,US,67,BKL
Burlington,US,67,BBF
Burlington County,US,67,LLY
Burlington International,US,67,BTV
Burns,US,67,BNO
Butler,US,67,BUM
Butler County - Kenny Scholter Field,US,67,BTP
Butts AAF,US,67,FCS
Buzzards Pt S,US,67,BZS
Cabaniss Field,US,67,NGW
Cabin Creek,US,67,CBZ
Cable Airport,US,67,CCB
Cable Heliport,US,67,JUP
Cadillac,US,67,CAD
Cairns AAF,US,67,OZR
Cairo Regional,US,67,CIR
Caldwell Wright,US,67,CDW
Calipatria,US,67,CLR
Callaway Gardens,US,67,CWG
Calloway,US,67,LGC
Calloway County,US,67,CEY
Cambria County,US,67,JST
Cambridge,US,67,CGE
Camp A P Hill,US,67,APH
Camp Maybry AHP,US,67,MMR
Campbell AAF,US,67,HOP
Campbell County,US,67,GCC
Campo,US,67,CZZ
Candle,US,67,CDL
Cannon AFB,US,67,CVS
Canon City,US,67,CNE
Canton,US,67,CTK
Canyonlands Field,US,67,CNY
Cape Girardeau Regional,US,67,CGI
Cape Lisburne,US,67,LUR
Cape May County,US,67,WWD
Cape Newenham,US,67,EHM
Cape Pole,US,67,CZP
Cape Romanzof,US,67,CZF
Capital City,US,67,FFT
Capital City,US,67,HAR
Capital Region International,US,67,LAN
Carbon County,US,67,PUC
Carleton,US,67,SYN
Carlsbad Cavern City Air Terminal,US,67,CNM
Carrizo Springs,US,67,CZT
Carroll,US,67,CIN
Carson City,US,67,CSN
Cascade Locks/Stevens,US,67,CZK
Casco Cove,US,67,ATU
Casement,US,67,PVZ
Castle AFB,US,67,MER
Catalina SPB,US,67,SPQ
Cecil Field,US,67,VQQ
Cedar City Regional,US,67,CDC
Centennial Airport,US,67,APA
Center Island,US,67,CWS
Centerport Heliport,US,67,JOC
Central,US,67,CEM
Central Bus. District,US,67,JDX
Central Illinois Regional Airport At Bloomington-normal,US,67,BMI
Central Jersey Regional,US,67,JVI
Central Maine Airport of Norridgewock,US,67,OWK
Central Nebraska Regional,US,67,GRI
Central Wisconsin,US,67,CWA
Centralia,US,67,CLS
Century City,US,67,CCD
Cessna Aircraft Field,US,67,CEA
Chadron Municipal,US,67,CDR
Chaffee AFB,US,67,CCA
Chalkyitsik,US,67,CIK
Challis,US,67,CHL
Chan Gurney,US,67,YKN
Chandalar,US,67,WCR
Charles Schulz-Sonoma County,US,67,STS
Charleston AFB International,US,67,CHS
Charlotte County,US,67,PGD
Charlotte Douglas International,US,67,CLT
Charlottesville-Albemarle,US,67,CHO
Chase Field NAS,US,67,NIR
Chatham SPB,US,67,CYM
Chefornak,US,67,CFK
Chefornak SPB,US,67,CYF
Chena Hot Springs,US,67,CEX
Cheraw,US,67,HCW
Cherokee,US,67,CKK
Cherokee County,US,67,JKV
Cherry Capital,US,67,TVC
Chess-Lambertin,US,67,FKL
Chestercounty Carlson,US,67,CTH
Chevak,US,67,VAK
Cheyenne Regional (Jerry Olsen Field),US,67,CYS
Chicago Midway International,US,67,MDW
Chicago NAS,US,67,NOH
Chicago O'hare International,US,67,ORD
Chicago/Rockford International,US,67,RFD
Chicken,US,67,CKX
Chico Municipal,US,67,CIC
Chignik,US,67,KCQ
Chignik Bay,US,67,KBW
Childress,US,67,CDS
Chiloquin State,US,67,CHZ
China Basin Heliport,US,67,JCC
Chino,US,67,CNO
Chippewa County International,US,67,CIU
Chippewa Valley Regional,US,67,EAU
Chisana Field,US,67,CZN
Chisholm,US,67,HIB
Chistochina,US,67,CZO
Chitina Arpt,US,67,CXC
Chomley,US,67,CIV
Chuathbaluk,US,67,CHU
Cincinnati Municipal-Lunken Field,US,67,LUK
Cincinnati-Blue Ash Airport,US,67,ISZ
Cincinnati/Northern Kentucky International,US,67,CVG
Cinder River,US,67,RCP
Circle City,US,67,IRC
Circle Hot Springs,US,67,CHP
Citicorp Plaza H/P,US,67,JCX
City,US,67,CKU
City County,US,67,HVR
City Landing,US,67,JBT
City Of Industry H/P,US,67,JID
City-county,US,67,MDJ
City-County,US,67,EWK
Civic Ar Heli,US,67,CVA
Clark Field,US,67,SEP
Clarks Point,US,67,CLP
Clayton Municipal,US,67,CAO
Clear Lake,US,67,CKE
Cleveland-Hopkins International,US,67,CLE
Clinton,US,67,CWI
Clinton County,US,67,PLB
Clinton Field,US,67,ILN
Clintonville,US,67,CLI
Clovis Municipal,US,67,CVN
Coalinga,US,67,CLG
Coast Guard,US,67,ERO
Coast Guard,US,67,LRK
Coast Guard Heliport,US,67,CSP
Coast Guard Heliport,US,67,PRT
Coast Guard Heliport,US,67,TRP
Cobb County - McCollum Field,US,67,RYY
Coffee Point,US,67,CFA
Coffield,US,67,RCK
Coffman Cove SPB,US,67,KCC
Cold Bay,US,67,CDB
Coldfoot,US,67,CXF
Coleman,US,67,COM
Coleman A. Young Municipal,US,67,DET
Coles County Memorial,US,67,MTO
College Park,US,67,CGS
Colorado Creek,US,67,KCR
Colorado Plains Regional Airport,US,67,AKO
Colorado Springs,US,67,COS
Columbia,US,67,COA
Columbia County,US,67,HCC
Columbia Gorge Regional/The Dalles Municipal,US,67,DLS
Columbia Regional,US,67,COU
Columbus AFB,US,67,CBM
Columbus Metropolitan,US,0,CSG
Columbus Municipal,US,67,CLU
Columbus Municipal,US,67,OLU
Commerce Bus. Plaza,US,67,JBP
Compton,US,67,CPM
Concord,US,67,CON
Concord Regional,US,67,JQF
Condron AAF,US,67,WSD
Convention Center H/P,US,67,JCE
Converse County,US,67,DGW
Cooperstown - Westville Airport,US,67,COP
Copper Centre,US,67,CZC
Corbin-london,US,67,LOZ
Corcoran,US,67,CRO
Corner Bay,US,67,CBA
Corpus Christi International Airport,US,67,CRP
Corsicana Municipal,US,67,CRS
Cortland,US,67,CTX
Cottonwood,US,67,CTW
Cotulla,US,67,COT
Coulter Field,US,67,CFD
Council Bluffs Municipal,US,67,CBF
County,US,67,BFT
County,US,67,JAS
County,US,67,OBE
County,US,67,SIV
County-Foster,US,67,VCT
Cox Field,US,67,PRX
Craig AFB,US,67,SEM
Craig Municipal,US,67,CRG
Craig SPB,US,67,CGA
Craig-Moffat,US,67,CIG
Crane County,US,67,CCG
Crane Island,US,67,CKR
Crested Butte Regional,US,67,GUC
Crews Field,US,67,RTN
Crooked Creek,US,67,CKD
Cross City,US,67,CTY
Crosson Field,US,67,STK
Crystal,US,67,MIC
Crystal Lake,US,67,CYE
Cube Cove,US,67,CUW
Cuddihy Field,US,67,CUX
Culberson County,US,67,VHN
Cummings Park,US,67,WBN
Curtis Field,US,67,BBD
Curtis Memorial,US,67,ORV
Cut Bank,US,67,CTB
Cuyahoga County,US,67,CGF
Dade Collier,US,67,TNT
Dahl Creek Arpt,US,67,DCK
Dahlgren Naval Surface Warfare Center,US,67,DGN
Dalhart,US,67,DHT
Dallas Love Field,US,67,DAL
Dallas North Airport,US,67,DNE
Dallas/Fort Worth International,US,67,DFW
Danbury Municipal Airport,US,67,DXR
Dane County Regional,US,67,MSN
Danger Bay,US,67,DGB
Daniel Field,US,67,DNL
Dansville,US,67,DSV
Dare County Regional,US,67,MEO
Davenport,US,67,DVN
David Wayne Hooks,US,67,DWH
Daviess County,US,67,OWB
Davis Field,US,67,MKO
Davis Monthan AFB,US,67,DMA
Davison AAF,US,67,DAA
Dawson Community,US,67,GDV
Dayton-Wright Brothers Airport,US,67,MGY
Daytona Beach International,US,67,DAB
Death Valley,US,67,DTH
Decatur,US,67,DEC
Decatur County,US,67,BGE
Decatur Hi-Way,US,67,DCR
Decatur Island,US,67,DTR
Deep Bay,US,67,WDB
Deer Park,US,67,DPK
Deering,US,67,DRG
Dekalb-Peachtree,US,67,PDK
Del Rio International,US,67,DRT
Delaware County Regional,US,67,MIE
Delta County,US,67,ESC
Delta Junction,US,67,DJN
Delta Municipal,US,67,DTA
Deming,US,67,DMN
Denver International,US,67,DEN
Derby Field,US,67,LOL
Des Moines International,US,67,DSM
Desert Rock,US,67,DRA
Destin-Fort Walton Beach Airport,US,67,DSI
Detroit Metropolitan Wayne County,US,67,DTW
Detroit NAF,US,67,NFB
Devils Lake Municipal,US,67,DVL
Devils Track,US,67,GRM
Dew Station,US,67,LNI
Dew Station,US,67,PIZ
Dickinson Theodore Roosevelt Regional,US,67,DIK
Dillant-Hopkins,US,67,EEN
Dillingham,US,67,DLG
Dillingham Airfield,US,67,HDH
Dillon,US,67,DLN
Dillon,US,67,DLL
Dinwiddie County Airport,US,67,PTB
Diomede Heliport,US,67,DIO
Dobbins AFB,US,67,MGE
Dodge City Regional,US,67,DDC
Dodge County,US,67,UNU
Dolomi,US,67,DLO
Donaldson Center,US,67,GDC
Door County,US,67,SUE
Dora Bay,US,67,DOF
Dothan Regional,US,67,DHN
Douglas County,US,67,MEV
Douglas Municipal,US,67,DGL
Dover AFB,US,67,DOV
Downtown,US,67,AHD
Downtown,US,67,EBR
Downtown,US,67,MKC
Downtown,US,67,STP
Downtown Airpark,US,67,DWN
Downtown Heliport,US,67,JDB
Downtown Heliport,US,67,JDM
Downtown Heliport,US,67,JDT
Downtown Heliport,US,67,DNT
Downtown Manhattan H/p,US,67,JRB
Doylestown,US,67,DYL
Dr Haines,US,67,HAI
Draughon-miller Central Texas Regional,US,67,TPL
Drift River,US,67,DRF
Drummond,US,67,DRU
Drummond Island,US,67,DRE
Dubois,US,67,DBS
Dubois Regional,US,67,DUJ
Dubuque Regional,US,67,DBQ
Duke Field,US,67,EGI
Duluth International,US,67,DLH
Dunkirk,US,67,DKK
Dupage County,US,67,DPA
Durango-La Plata County,US,67,DRO
Dutchess County,US,67,POU
Dyess AFB,US,67,DYS
Eagle,US,67,EAA
Eagle County Regional,US,67,EGE
Eagle Lake,US,67,ELA
Eagle River Union,US,67,EGV
Eaker,US,67,DUA
Earl Fields Memorial,US,67,POF
East 34th St Heliport,US,67,TSS
East 34th St Landing,US,67,NES
East 60th Street H/P,US,67,JRE
East Fork,US,67,EFO
East Hampton,US,67,HTO
East Texas Regional,US,67,GGG
Eastern Iowa,US,67,CID
Eastern Oregon Regional,US,67,PDT
Eastern Wv Regional Airport/Shepherd Field,US,67,MRB
Easterwood Field,US,67,CLL
Easton/Newnam Field,US,67,ESN
Eaton,US,67,OIC
Edna Bay,US,67,EDA
Edward F Knapp State,US,67,MPV
Edwards AFB,US,67,EDW
Eek,US,67,EEK
Egegik,US,67,EGX
Eielson AFB,US,67,EIL
Eight Fathom Bight,US,67,EFB
Ekuk,US,67,KKU
Ekwok,US,67,KEK
El Centro NAF,US,67,NJK
El Dorado,US,67,EDK
El Monte,US,67,EMT
El Paso International,US,67,ELP
Elfin Cove SPB,US,67,ELV
Elim,US,67,ELI
Elizabeth City Regional,US,67,ECG
Elizabeth Field,US,67,FID
Elizabethtown,US,67,EKX
Elkhart Municipal,US,67,EKI
Elkins,US,67,EKN
Elko Regional,US,67,EKO
Ellamar,US,67,ELW
Ellington Field,US,67,EFD
Ellis Field,US,67,MYU
Ellsworth Afb,US,67,RCA
Ellyson NAS,US,67,NDP
Elmendorf Afb,US,67,EDF
Elmira Corning Regional,US,67,ELM
Ely,US,67,LYU
Embarkadero,US,67,EMB
Emergency Field,US,67,DUT
Emmet County Airport,US,67,ECA
Emmonak,US,67,EMK
Emporia,US,67,EMP
Enid Woodring Mun.,US,67,WDG
Ephrata,US,67,EPH
Eppley Airfield,US,67,OMA
Erie International,US,67,ERI
Ernest Love Field,US,67,PRC
Errol,US,67,ERR
Esler Field,US,67,ESF
Espanola,US,67,ESO
Eunice,US,67,UCE
Eureka,US,67,EUE
Evanston,US,67,EVW
Evansville Regional Airport,US,67,EVV
Eveleth,US,67,EVM
Everett-Stewart,US,67,UCY
Exchangest Railway Svc,US,67,ZXS
Executive,US,67,CLW
Executive,US,1,FXE
Fairbanks International,US,67,FAI
Fairchild AFB,US,67,SKA
Fairmont,US,67,FRM
Falcon Field,US,67,MSC
Falcon State,US,67,FAL
Falls Bay,US,67,FLJ
Falls International,US,67,INL
False Island,US,67,FAK
False Pass,US,67,KFP
Fanning Field,US,67,IDA
Farewell,US,67,FWL
Farmington Regional,US,67,FAM
Federal No 1,US,67,KSR
Felker AAF,US,67,FAF
Felts Field,US,67,SFF
Fergus Falls Municipal,US,67,FFM
Fin Creek,US,67,FNK
Findlay,US,67,FDY
Fire Cove,US,67,FIC
Firing Center AAF,US,67,FCT
First Flight,US,67,FFA
Fisheries,US,67,KCG
Fitchburg Municipal Airport,US,906,FIT
Five Finger,US,67,FIV
Five Mile,US,67,FMC
Flagstaff Pulliam,US,67,FLG
Flat,US,67,FLT
Flaxman Island,US,67,FXM
Fletcher Field,US,67,CKM
Florence Regional,US,67,FLO
Floyd Bennett Memorial,US,67,GFL
Flushing,US,67,FLU
Flying Cloud,US,67,FCM
Fond Du Lac,US,67,FLD
Forbes Field,US,67,FOE
Ford,US,67,IMT
Forney AAF,US,67,TBN
Fort Bragg,US,67,FOB
Fort Bridger,US,67,FBR
Fort Collins Bus Servi,US,67,QWF
Fort Collins-Loveland Municipal,US,67,FNL
Fort Dodge Regional,US,67,FOD
Fort Hood AAF,US,67,HLR
Fort Jefferson,US,67,RBN
Fort Lauderdale/hollywood International,US,67,FLL
Fort Lee AAF,US,67,FLE
Fort Mccoy,US,67,CMY
Fort Smith Regional,US,67,FSM
Fort Sumner,US,67,FSU
Fort Wayne International Airport,US,67,FWA
Fort Worth Alliance,US,67,AFW
Fort Worth NAS Jrb/Carswell Field,US,67,FWH
Fort Yukon,US,67,FYU
Fortuna Ledge,US,67,FTL
Four Corners Regional,US,67,FMN
Fox,US,67,FOX
Franklin,US,67,LFN
Franklin County,US,67,UOS
Frederick Municipal,US,67,FDK
Freeman Municipal,US,67,SER
French Valley,US,67,RBK
Fresh Water Bay,US,67,FRP
Fresno Yosemite International,US,67,FAT
Fresno-Chandler,US,67,FCH
Friday Harbor,US,67,FRD
Friday Harbor SPB,US,67,FBS
Friedman Memorial,US,67,SUN
Front Range Airport,US,67,FTG
Front Royal-Warren County,US,67,FRR
Fryeburg,US,67,FRY
Ft Mcclellan Bus Trml,US,67,QAW
Ft Wolter AAF,US,67,CWO
Fulton County,US,67,FTY
Fulton County,US,67,RCR
Gabbs,US,67,GAB
Gage,US,67,GAG
Gainesville Regional,US,67,GNV
Gakona,US,67,GAK
Galbraith Lake,US,67,GBH
Galena,US,67,GAL
Galesburg,US,67,GBG
Galion Municipal,US,67,GQQ
Galleria Heliport,US,67,JGL
Gallup Municipal,US,67,GUP
Gambell,US,67,GAM
Ganes Creek,US,67,GEK
Garden City Regional,US,67,GCK
Garden Harris County,US,67,PIM
Garfield County,US,67,RIL
Garner Fld,US,67,UVA
Gary/Chicago International,US,67,GYY
Gatlinburg,US,67,GKT
General Brees Field Regional,US,67,LAR
General Edward Lawrence Logan International,US,67,BOS
General Mitchell International,US,67,MKE
George Bush Intercontinental,US,67,IAH
George Downer,US,67,AIV
George R Carr,US,67,BXA
Georgetown,US,67,GGE
Gerald R. Ford International,US,67,GRR
Gettysburg,US,67,GTY
Gilbert Field,US,67,GIF
Gillespie Field,US,67,CJN
Gillespie Field,US,67,SEE
Glacier Creek,US,67,KGZ
Glacier Park International,US,67,FCA
Gladwin,US,67,GDW
Glendale Fokker Field,US,67,GWV
Glenn County,US,67,WLW
Glenn L Martin,US,67,MTN
Glennallen,US,67,GLQ
Glenwood Springs,US,67,GWS
Godman AAF,US,67,FTK
Gogebic County,US,67,IWD
Golden Horn Lodge SPB,US,67,GDH
Golden Triangle Regional,US,67,GTR
Golovin,US,67,GLV
Goodfellow AFB,US,67,GOF
Gooding,US,67,GNG
Goodnews Bay,US,67,GNU
Goodwin Field,US,67,ELD
Gordon,US,67,GRN
Goshen,US,67,GSH
Grand Forks AFB,US,67,RDR
Grand Forks International,US,67,GFK
Grand Rapids,US,67,GPZ
Grand Strand,US,67,CRE
Granite Mountain,US,67,GMT
Grannis Field Regional,US,67,FAY
Grant County,US,67,PGC
Grant County,US,67,SVC
Grant County International,US,67,MWH
Grants-Milan Municipal,US,67,GNT
Gratiot Community,US,67,AMN
Gray AAF,US,67,GRF
Grayling,US,67,KGX
Great Bend,US,67,GBD
Great Falls International,US,67,GTF
Greater Binghamton,US,67,BGM
Greater Cumberland Regional,US,67,CBE
Greater Kankakee,US,67,IKK
Greater Portsmouth Regional,US,67,PMH
Greater Rochester International,US,67,ROC
Green,US,67,OTN
Green River,US,67,RVR
Greenbrier,US,67,SSU
Greenbrier Valley,US,67,LWB
Greene County,US,67,WAY
Greenville Downtown,US,67,GMU
Greenville Spartanburg International Airport,US,67,GSP
Greenway Plaza H/P,US,67,JGP
Greenwood,US,67,GRD
Greenwood Municipal Airport,US,0,HFY
Grider Field,US,67,PBF
Griffing Sandusky Regional,US,67,SKY
Griffiss AFB,US,67,RME
Grissom Afb,US,67,GUS
Griswold,US,67,MPE
Grumman,US,67,BPA
Gulfport-Biloxi International,US,67,GPT
Gulkana,US,67,GKN
Gunter AFB,US,67,GUN
Gustavus Arpt,US,67,GST
Guthrie,US,67,GOK
Guymon,US,67,GUY
Gwinnett County Airport,US,67,LZU
Hacienda Bus.Park H/P,US,67,JBS
Hale County,US,67,PVW
Haley AAF,US,67,FSN
Half Moon,US,67,HAF
Halifax County,US,67,RZZ
Halliburton Field,US,67,DUC
Hamilton,US,67,HAO
Hamilton Field (Closed),US,67,SRF
Hana,US,67,HNM
Hanchey Army Heliport,US,67,HEY
Hanscom Field,US,67,BED
Hanus Bay,US,67,HBC
Hardy-Anders,US,67,HEZ
Harrell Fld,US,67,CDH
Harriet Field,US,67,LWL
Harrisburg International,US,67,MDT
Harrisburg Rail,US,67,ZUG
Harrison County,US,67,ASL
Harry Clever Field,US,67,PHD
Hartford CT Rail,US,67,ZRT
Hartsfield-Jackson Atlanta International,US,67,ATL
Hastings,US,67,HSI
Hatbox Field,US,1,HAX
Hatteras,US,67,HNC
Hattiesburg-Laurel Regional,US,67,PIB
Havasupai,US,67,HAE
Hawkins Field,US,67,HKS
Hawthorne,US,67,HHR
Hawthorne,US,67,HTH
Haycock,US,67,HAY
Hayward Executive,US,67,HWD
Hazleton,US,67,HZL
Healy Lake,US,67,HKB
Hector International,US,67,FAR
Helena Regional,US,67,HLN
Heliport,US,67,JDY
Heliport,US,67,JEM
Heliport,US,67,JGX
Heliport,US,67,JGC
Heliport,US,67,JLB
Heliport,US,67,JNP
Heliport,US,67,ORQ
Heliport,US,67,JPD
Heliport,US,67,JRD
Heliport,US,67,JTO
Henderson Executive,US,67,HSH
Hendersonville Airport,US,67,0A7
Henry County,US,67,PHT
Henry Post AAF/Ford Sill,US,67,FSI
Henry Tift Myers,US,67,TMA
Herendeen,US,67,HED
Heritage Field,US,67,PTW
Hesler-Noble Field,US,67,LUL
Hickam AFB,US,67,HIK
Hickory Regional,US,67,HKY
Hidden Falls,US,67,HDA
Hill Afb,US,67,HIF
Hill City,US,67,HLC
Hillenbrand,US,67,HLB
Hilo International,US,67,ITO
Hilton Head,US,67,HHH
Hiltons Har H,US,67,WHH
Hinkles Ferry,US,67,BZT
Hobart,US,67,HBR
Hobart Bay,US,67,HBH
Hogatza,US,67,HGZ
Holikachu,US,67,HOL
Hollister Municipal,US,67,HLI
Holloman AFB,US,67,HMN
Holy Cross,US,67,HCR
Homer,US,67,HOM
Honolulu International,US,67,HNL
Hook Field,US,67,MWO
Hoonah,US,67,HNH
Hooper Bay,US,67,HPB
Hot Springs,US,67,THP
Hot Springs SPB,US,67,KBE
Houghton County Memorial,US,67,CMX
Howard County,US,67,HCA
Howes Regional,US,67,HON
Hughes,US,67,CVR
Hugo,US,67,HUJ
Humboldt,US,67,HUD
Hunt Field,US,67,LND
Hunter AAF,US,67,HGT
Hunter AAF,US,67,SVN
Huntsville International - Carl T. Jones Field,US,67,HSV
Huslia,US,67,HSL
Hutchinson,US,67,HUT
Hyatt Regency H/P,US,67,JHY
Hyatt Regency H/P,US,67,DEO
Icy Bay,US,67,ICY
Igiugig,US,67,IGG
Igor I. Sikorsky Mem.,US,67,BDR
Iliamna,US,67,ILI
Illinois Valley,US,67,VYS
Immokalee,US,67,IMM
Imperial,US,67,IML
Imperial County,US,67,IPL
Independence,US,67,IDP
Indian Mountain AFS,US,67,UTO
Indianapolis International,US,67,IND
Industrial,US,67,OTM
Industrial,US,67,TIW
Industrial Airpark,US,67,HBB
Ingalls Field,US,67,HSP
Intercontinental,US,67,LJC
Intermediate,US,67,HVE
Intermediate,US,67,MDO
Intermediate,US,67,MHM
Intermediate,US,67,MOS
Intermediate,US,67,PMB
Intermediate,US,67,SKW
Intermediate,US,67,TSG
Intermediate,US,67,CYT
Intermediate Field,US,67,BIG
International,US,67,ALI
International,US,67,CXL
International,US,67,HUL
International,US,67,OLF
International-Wokal Field,US,67,GGW
Intl Heliport,US,67,JIO
Iowa City Municipal,US,67,IOW
Iowa Falls,US,67,IFA
Isabel Pass,US,67,ISL
Island Heliport,US,67,JHC
Ithaca Tompkins Regional,US,67,ITH
Ivishak,US,67,IVH
J t Robidoux,US,67,VLE
Jack Brooks Regional,US,67,BPT
Jack Edwards,US,67,GUF
Jackpot,US,67,KPT
Jackson,US,67,MJQ
Jackson Hole,US,67,JAC
Jackson-Evers International,US,67,JAN
Jacksonville International,US,67,JAX
Jacksonville NAS,US,67,NIP
James Cox Dayton Intl,US,67,DAY
Jamestown,US,67,JHW
Jamestown Regional,US,67,JMS
Jefferson Proving Grd,US,67,MDN
Jerry Tyler Memorial,US,67,NLE
JFK Memorial,US,67,ASX
Jim Hamilton L.B. Owens,US,67,CUB
Joe Foss Field,US,67,FSD
John Day,US,67,JDA
John F Kennedy International,US,67,JFK
John H. Batten Field,US,67,RAC
John Wayne,US,67,SNA
Johnson,US,67,JCY
Johnson County Executive,US,67,OJC
Jonesboro Municipal,US,67,JBR
Joplin Regional,US,67,JLN
Jordan,US,67,JDN
Joslin Field - Magic Valley Regional,US,67,TWF
Kagvik Creek,US,67,KKF
Kahului,US,67,OGG
Kalaeloa John Rodgers Field,US,67,NAX
Kalakaket AFS,US,67,KKK
Kalamazoo/Battle Creek,US,67,AZO
Kalaupapa,US,67,LUP
Kaltag,US,67,KAL
Kamuela,US,67,MUE
Kamusi Airport,US,67,KUY
Kanab,US,67,KNB
Kansas City International Airport,US,67,MCI
Kapalua West Maui,US,67,JHM
Karluk,US,67,KYK
Karluk Lake SPB,US,67,KKL
Kasaan SPB,US,67,KXA
Kasigluk,US,67,KUK
Kayenta,US,67,MVM
Kearney Regional,US,67,EAR
Keesler AFB,US,67,BIX
Kegelman Af,US,67,CKA
Kelly AFB,US,67,SKF
Kelly Bar,US,67,KEU
Kelp Bay,US,67,KLP
Kemerer,US,67,EMM
Kenai Municipal,US,67,ENA
Kenmore Air Harbor,US,67,KEH
Kenmore Air Harbor SPB,US,67,LKE
Kenosha Regional,US,67,ENW
Kentland,US,67,KKT
Keokuk,US,67,EOK
Kern County,US,67,IYK
Kern County,US,67,MHV
Kern County,US,67,TSP
Kerrville,US,67,ERV
Ketchikan International,US,67,KTN
Key Field,US,67,MEI
Key West International,US,67,EYW
Kickapoo Downtown,US,67,KIP
Kimble County,US,67,JCT
Kincheloe AFB,US,67,INR
King Cove,US,67,KVC
King Salmon,US,67,AKN
Kingman,US,67,IGM
Kinston Regional,US,67,ISO
Kipnuk SPB,US,67,KPN
Kirsch Municipal,US,67,IRS
Kissimmee Gateway,US,67,ISM
Kivalina,US,67,KVL
Kizhuyak,US,67,KZH
Klag Bay,US,67,KBK
Klamath Falls,US,67,LMT
Klawock,US,67,KLW
Knox County Regional,US,67,RKD
Kobuk,US,67,OBU
Kodiak Airport,US,67,ADQ
Kodiak Fss,US,67,WDY
Kokhanok,US,67,KNK
Kokomo,US,67,OKK
Kona International Airport,US,67,KOA
Kongiganak,US,67,KKH
Kotlik,US,67,KOT
Koyuk,US,67,KKA
Koyukuk,US,67,KYU
Kulik Lake,US,67,LKK
Kuparuk,US,67,UUK
Kwethluk,US,67,KWT
Kwigillingok,US,67,KWK
Kwinhagak,US,67,KWN
L O Simenstad Municipal,US,67,OEO
La Crosse Municipal,US,67,LSE
La Grande,US,67,LGD
La Guardia,US,67,LGA
La Palmdale Regional Airport,US,67,PMD
Labouchere Bay,US,67,WLB
Ladd AAF,US,67,FBK
Lafayette Regional,US,67,LFT
Lagoon,US,67,KCL
Laguna AAF,US,67,LGF
Lahm Municipal,US,67,MFD
Lake Brooks SPB,US,67,BKF
Lake Charles Regional,US,67,LCH
Lake County,US,67,LKV
Lake Minchumina,US,67,LMA
Lake Placid,US,67,LKP
Lakefront,US,67,NEW
Lakehurst Maxfield Field Joint Base,US,67,NEL
Lakeside,US,67,LKS
Lakeside USAF,US,67,LKI
Lamar Field,US,67,LAA
Lambert-st. Louis International,US,67,STL
Lanai City,US,67,LNY
Lancaster,US,67,LNS
Lancaster PA Rail,US,67,ZRL
Lander County,US,67,BAM
Landing Strip,US,67,EVA
Langley AFB,US,67,LFI
Laredo International,US,67,LRD
Larsen SPB,US,67,KLN
Larson AFB,US,67,LRN
Las Animas,US,67,TAD
Las Vegas,US,67,LVS
Lathrop Wells,US,67,LTH
Laughlin AFB,US,67,DLF
Laughlin Bullhead Intl,US,67,IFP
Lawrence,US,67,LWM
Lawrence County Airpark,US,67,HTW
Lawrence J Timmerman,US,67,MWC
Lawrence Municipal,US,67,LWC
Lawrenceville,US,67,LVL
Lawson Aaf,US,67,LSF
Lawton-Fort Sill Regional,US,67,LAW
Lea County,US,67,HOB
Leadville,US,67,LXV
Leckrone,US,67,SLO
Lee,US,67,ANP
Lee Bird Field,US,67,LBF
Lee C Fine Memorial,US,67,AIZ
Lee Gilmer Memorial,US,67,GVL
Leesburg,US,67,LEE
Leflore,US,67,GWO
Lehigh Valley International,US,67,ABE
Lemmon,US,67,LEM
Lemoore NAS (Reeves Field),US,67,NLC
Lenawee County,US,67,ADG
Lenoir,US,67,MRN
Levelock,US,67,KLL
Lewis,US,67,CDK
Lewis Lockport,US,67,LOT
Lewiston-Nez Perce County,US,67,LWS
Lexington,US,67,LXN
Lihue,US,67,LIH
Lime Village,US,67,LVD
Lincoln,US,67,LNK
Lincoln Regional Airport,US,67,LHM
Linden,US,67,LDJ
Little Naukati,US,67,WLN
Little Port Walter,US,67,LPW
Little Rock Afb,US,67,LRF
Livengood,US,67,LIV
Livermore Municipal,US,67,LVK
Logan Cache,US,67,LGU
Lompoc Airport,US,67,LPC
Long Beach Municipal,US,67,LGB
Long Island,US,67,LIJ
Long Island MacArthur,US,67,ISP
Longview,US,67,LOG
Lopez Island,US,67,LPS
Lordsburg,US,67,LSB
Loring,US,67,WLR
Loring AFB,US,67,LIZ
Los Alamos,US,67,LAM
Los Angeles International,US,67,LAX
Los Banos,US,67,LSN
Lost Harbor Sea Port,US,67,LHB
Lost Nation,US,67,LNN
Lost River,US,67,LSR
Louis Armstrong New Orléans International Airport,US,67,MSY
Louisa,US,67,LOW
Louisville International (Standiford Field),US,67,SDF
Lovell Field,US,67,CHA
Lowe Army Heliport,US,67,LOR
Lowndes County,US,67,UBS
Lubbock Preston Smith International,US,67,LBB
Lufkin Angelina County,US,67,LFK
Luke AFB,US,67,LUF
Lumberton,US,67,LBT
Lusk,US,67,LSK
Lyndonville,US,67,LLX
Lyons-Rice County Municipal,US,67,LYO
M. Graham Clark - Taney County,US,67,PLK
Mac Dill AFB,US,67,MCF
Machesney,US,67,RMC
Mackall AAF,US,67,HFF
Mackinac Island,US,67,MCD
Macon Downtown,US,67,MAC
Madera,US,67,MAE
Madison,US,67,XMD
Mahlon Sweet Field,US,67,EUG
Majors Field,US,67,GVT
Malad City,US,67,MLD
Malcolm Mckinnon,US,67,SSI
Malden,US,67,MAW
Malmstrom AFB,US,67,GFA
Malta,US,67,MLK
Mammoth Lakes,US,67,MMH
Manassas Regional Airport/Harry P. Davis Field,US,67,MNZ
Manchester-boston Regional Airport,US,67,MHT
Manhattan Regional,US,67,MHK
Manistee County-Blacker,US,67,MBL
Mankato Regional,US,67,MKT
Manley Hot Springs,US,67,MLY
Manokotak SPB,US,67,KMO
Manti-Ephraim,US,67,NTJ
Marble Canyon,US,67,MYH
March ARB,US,67,RIV
Marco Island,US,67,MRK
Marguerite Bay,US,67,RTE
Marin County,US,67,JMC
Marina Municipal,US,67,OAR
Marine Air Terminal,US,67,QNY
Marion,US,67,MZZ
Marion County,US,67,HAB
Marion County,US,67,APT
Marion County Regional,US,67,FLP
Market Centre H/P,US,67,JMD
Marlborough,US,67,MXG
Marriot Astrodome,US,67,JMA
Marriott Heliport,US,67,JMH
Marshall,US,67,MLL
Marshall AAF,US,67,FRI
Martha's Vineyard,US,0,MVY
Martin Johnson,US,67,CNU
Martindale Army Heliport,US,67,MDA
Mason City Municipal,US,67,MCW
Mason County,US,67,LDM
Massena International-Richards Field,US,67,MSS
Mathis Field,US,67,SJT
Maury County,US,67,MRC
Maverick Co,US,67,EGP
Max Westheimer,US,67,OUN
Maxton,US,67,MXE
Maxwell AFB,US,67,MXF
May Creek,US,67,MYK
MBS International,US,67,MBS
Mc Alester,US,67,MLC
Mc Allen Miller International,US,67,MFE
Mc Carran International,US,67,LAS
Mc Clellan-Palomar,US,67,CLD
Mc Entire ANG Base,US,67,MMT
Mc Guire AFB,US,67,WRI
Mc Kellar-Sipes Regional,US,67,MKL
Mc Namara Fld,US,67,CEC
Mccall,US,67,MYL
Mccarthy,US,67,MXY
McChord AFB,US,67,TCM
Mcclellan AFB,US,67,MCC
Mcconnell AFB,US,67,IAB
Mccook,US,67,MCK
McGhee Tyson,US,67,TYS
Mcgrath,US,67,MCG
Mckenna AAF,US,67,MKF
McMinn County,US,67,MMI
McNary Field,US,67,SLE
Mcpherson,US,67,MPR
Meacham Field (Fort Worth),US,67,FTW
Meadows Field,US,67,BFL
Meadville,US,67,MEJ
Medford,US,67,MDF
Medfra,US,67,MDR
Mefford Field,US,67,TLR
Melbourne International,US,67,MLB
Melsing Creek,US,67,CIL
Memorial,US,67,CSV
Memorial,US,67,DFI
Memorial,US,67,JEF
Memorial,US,67,OWD
Memorial,US,67,SBM
Memorial,US,67,SIK
Memorial,US,67,TRX
Memorial Field,US,67,HOT
Memorial Municipal,US,67,MHL
Memphis International,US,67,MEM
Menominee,US,67,MNM
Merced Municipal Arpt,US,67,MCE
Merrill C Meigs (closed),US,67,CGX
Merrill Field,US,67,MRI
Merritt Island,US,67,COI
Mesa Del Rey,US,67,KIC
Mesquite,US,67,MFH
Metro Field,US,67,MTX
Metropark Rail,US,67,ZME
Metropolitan,US,67,PMX
Metropolitan Airport,US,67,CAE
Metropolitan Area,US,67,CHI
Metroport,US,67,CLC
Mettle Field,US,67,CEV
Miami,US,67,MIO
Miami International,US,67,MIA
Miami University,US,67,OXD
Michael AAF,US,67,DPG
Michiana Regional,US,67,SBN
Michigan City Municipal-Phillips Field,US,67,MGC
Mid Delta Regional,US,67,GLH
Mid-Ohio Valley,US,67,PKB
Middle Georgia Regional,US,67,MCN
Midland International,US,67,MAF
Mifflin County,US,67,RED
Milford,US,67,MLF
Millard,US,67,MIQ
Miller Field,US,67,RCT
Miller Field,US,67,VTN
Millington Regional Jetport,US,67,NQA
Millinocket,US,67,MLT
Millville,US,67,MIV
Milwaukee General Mitchell,US,67,ZML
Mineral Wells Arpt,US,67,MWL
Mineta San Jose International,US,67,SJC
Minneapolis - St. Paul International,US,67,MSP
Minot AFB,US,67,MIB
Minot International,US,67,MOT
Minto,US,67,MNT
Minute Man Airfield,US,67,MMN
Miramar Mcas,US,67,NKX
Mission Field,US,67,LVM
Missoula International,US,67,MSO
Moberly,US,67,MBY
Mobile Downtown,US,67,BFM
Mobile Regional,US,67,MOB
Mobridge,US,67,MBG
Modesto City-Co-Harry Sham Field,US,67,MOD
Moffett Field,US,67,NUQ
Molokai,US,67,MKK
Mondell,US,67,ECS
Monmouth Executive,US,67,BLM
Monroe - Walton County,US,67,MVC
Monroe Regional,US,67,MLU
Montauk Airport,US,67,MTP
Monterey Peninsula,US,67,MRY
Montevideo-Chippewa,US,67,MVE
Montezuma County,US,67,CEZ
Montgomery Co,US,67,CXO
Montgomery County,US,67,GAI
Montgomery Field,US,67,MYF
Montgomery Regional (Dannelly Field),US,67,MGM
Monticello Municipal,US,67,MXO
Montrose Regional Airport,US,67,MTJ
Montvale,US,67,QMV
Monument Valley,US,67,GMV
Moody AFB,US,67,VAD
Moore County,US,67,SOP
Moore-Murrell,US,67,MOR
Morenci,US,67,CFT
Morgantown Municipal,US,67,MGW
Morris AAF,US,67,FOP
Morristown Municipal,US,67,MMU
Morrisville-Stowe,US,67,MVL
Moser Bay,US,67,KMY
Moultrie Municipal,US,67,MGR
Mount Pleasant,US,67,MPS
Mount Pleasant Municipal,US,67,MOP
Mount Union,US,67,MUU
Mount Washington Regional,US,67,HIE
Mount Wilson,US,67,MWS
Mountain Home,US,67,WMH
Mountain Home AFB,US,67,MUO
Mountain Village,US,67,MOU
Mt Mckinley,US,67,MCL
Mt Pleasant,US,67,MSD
Mt Pocono,US,67,MPO
Mt Vernon-Outland,US,67,MVN
Mudhole Smith,US,67,CDV
Muir AAF,US,67,MUI
Mullen,US,67,MHN
Municipal,US,67,AFO
Municipal,US,67,AIK
Municipal,US,67,ALS
Municipal,US,67,AHH
Municipal,US,67,ARB
Municipal,US,67,AHF
Municipal,US,67,AIO
Municipal,US,67,AVO
Municipal,US,67,BVX
Municipal,US,67,BBB
Municipal,US,67,HKA
Municipal,US,67,WBU
Municipal,US,67,TTO
Municipal,US,67,BYG
Municipal,US,67,BUB
Municipal,US,67,CAR
Municipal,US,67,CGZ
Municipal,US,67,GHM
Municipal,US,67,ENL
Municipal,US,67,CCY
Municipal,US,67,CHK
Municipal,US,67,CNH
Municipal,US,67,ICL
Municipal,US,67,CLK
Municipal,US,67,CFV
Municipal,US,67,CBK
Municipal,US,67,CUS
Municipal,US,67,CSQ
Municipal,US,67,CKN
Municipal,US,67,CRT
Municipal,US,67,CUH
Municipal,US,67,DNN
Municipal,US,67,DAN
Municipal,US,67,DEH
Municipal,US,67,DNS
Municipal,US,67,DTL
Municipal,US,67,DBN
Municipal,US,67,ETN
Municipal,US,67,EDE
Municipal,US,67,ELK
Municipal,US,67,ETS
Municipal,US,67,EST
Municipal,US,67,FBY
Municipal,US,67,FFL
Municipal,US,67,FLX
Municipal,US,67,FBL
Municipal,US,67,FYM
Municipal,US,67,FIL
Municipal,US,67,FXY
Municipal,US,67,FCY
Municipal,US,67,FMS
Municipal,US,67,FSK
Municipal,US,67,FKN
Municipal,US,67,FDR
Municipal,US,67,FET
Municipal,US,67,FRH
Municipal,US,67,FUL
Municipal,US,67,GLE
Municipal,US,67,GDM
Municipal,US,67,GLW
Municipal,US,67,GVE
Municipal,US,67,GTG
Municipal,US,67,GRE
Municipal,US,67,GCY
Municipal,US,67,HNS
Municipal,US,67,HPT
Municipal,US,67,HVS
Municipal,US,67,HYS
Municipal,US,67,HYR
Municipal,US,67,HUS
Municipal,US,67,HBO
Municipal,US,67,HNB
Municipal,US,67,IDG
Municipal,US,67,IRB
Municipal,US,67,IJX
Municipal,US,67,AFN
Municipal,US,67,EFW
Municipal,US,67,JOT
Municipal,US,67,KLG
Municipal,US,67,KNT
Municipal,US,67,ILE
Municipal,US,67,IRK
Municipal,US,67,KDK
Municipal,US,67,LCI
Municipal,US,67,XES
Municipal,US,67,HII
Municipal,US,67,LAL
Municipal,US,67,LPO
Municipal,US,67,LRU
Municipal,US,67,LWV
Municipal,US,67,LRJ
Municipal,US,67,LWT
Municipal,US,67,LBL
Municipal,US,67,LIC
Municipal,US,67,MQB
Municipal,US,67,AGO
Municipal,US,67,MXA
Municipal,US,67,MTW
Municipal,US,67,MRF
Municipal,US,67,MNN
Municipal,US,67,MIW
Municipal,US,67,MFI
Municipal,US,67,RRL
Municipal,US,67,MLS
Municipal,US,67,MHE
Municipal,US,67,MOX
Municipal,US,67,MPZ
Municipal,US,67,ENN
Municipal,US,67,RNH
Municipal,US,67,TNU
Municipal,US,67,OCE
Municipal,US,67,OCN
Municipal,US,67,OGD
Municipal,US,67,OLE
Municipal,US,67,OMK
Municipal,US,67,ONL
Municipal,US,67,ONH
Municipal,US,67,OGB
Municipal,US,67,OOA
Municipal,US,67,PGR
Municipal,US,67,PRO
Municipal,US,67,PTS
Municipal,US,67,POH
Municipal,US,67,PCD
Municipal,US,67,UIN
Municipal,US,67,RKW
Municipal,US,67,ROX
Municipal,US,67,RBG
Municipal,US,67,STC
Municipal,US,67,SGU
Municipal,US,67,SDP
Municipal,US,67,SBA
Municipal,US,67,SCR
Municipal,US,67,SNL
Municipal,US,67,FHU
Municipal,US,67,SPW
Municipal,US,67,SVH
Municipal,US,67,SLB
Municipal,US,67,SUM
Municipal,US,67,TVI
Municipal,US,67,VEX
Municipal,US,67,TOR
Municipal,US,67,RBW
Municipal,US,67,UKN
Municipal,US,67,AUW
Municipal,US,67,EBS
Municipal,US,67,ELZ
Municipal,US,67,AWM
Municipal,US,67,BRG
Municipal,US,67,WGO
Municipal,US,67,ONA
Municipal (Drake Field),US,67,FYV
Municipal Heliport,US,67,JMN
Municipal Heliport,US,67,JRC
Municipal Heliport,US,67,JSK
Municipal-Ryan Field,US,67,MML
Murray Field,US,67,EKA
Muscatine Municipal,US,67,MUT
Muskegon County,US,67,MKG
Mustin Alf,US,67,MUV
Myrtle Beach Afb,US,67,MYR
N Philadelphia Rail St,US,67,ZHC
Naknek,US,67,NNK
Nakolik River,US,67,NOL
Nantucket Memorial,US,67,ACK
Nanwalek,US,67,KEB
Napa County,US,67,APC
Napakiak SPB,US,67,WNA
Naples Municipal,US,67,APF
NAS,US,67,NHZ
NAS,US,67,NGP
NAS,US,67,NFL
NAS,US,67,NRS
NAS,US,67,NCO
NAS Alameda (Closed),US,67,NGZ
Nas Chambers,US,67,NGU
Nas Glenview (closed),US,67,NBU
NAS Kingsville,US,67,NQI
NAS Oceana,US,67,NTU
NAS Pensacola,US,67,NPA
NAS/Alvin Callendar,US,67,NBG
Nashville International,US,67,BNA
National Park,US,67,GCN
Natrona County International Airport,US,67,CPR
Naukati Bay SPB,US,67,WNC
Naukiti,US,67,NKI
ndiana County Airport (Jimmy Stewart Field),US,67,IDI
Needles,US,67,EED
Neil Armstrong,US,67,AXV
Nellis AFB,US,67,LSV
Nelson Lagoon,US,67,NLG
Neosho,US,67,EOS
Nephi,US,67,NPH
Nevada,US,67,NVD
New Bedford Regional,US,67,EWB
New Carrolton RR,US,67,ZRZ
New Castle,US,67,ILG
New Century Aircenter Airport,US,67,JCI
New Chenega,US,67,NCN
New Haven Rail,US,67,ZVE
New Koliganek,US,67,KGK
New London,US,67,GON
New River Valley,US,67,PSK
New Stuyahok,US,67,KNW
New Ulm,US,67,ULM
Newark Liberty International,US,21,EWR
Newport,US,67,ONP
Newport,US,67,EFK
Newport News Rail,US,67,ZWW
Newport News/Williamsburg International,US,67,PHF
Newtok,US,67,WWT
Niagara Falls International,US,67,IAG
Niblack,US,67,NIE
Nichen Cove,US,1,NKV
Nightmute,US,67,NME
Nikolai,US,67,NIB
Nikolski AFS,US,67,IKO
Ninilchik,US,67,NIN
Noatak,US,67,WTK
Noble F. Lee,US,67,ARV
Nogales International,US,67,OLS
Nome,US,67,OME
Nondalton,US,67,NNL
Norfolk International,US,67,ORF
North Bend,US,67,OTH
North Central,US,67,SFZ
North Central West Virginia,US,67,CKB
North Fork Valley,US,67,WPO
North Island Nas,US,67,NZY
North Las Vegas,US,67,VGT
North Park Inn H/P,US,67,JNH
North Perry,US,67,HWO
North Rim,US,67,NGC
North Shore,US,67,UMB
North Texas Regional (Grayson County),US,67,PNX
Northeast Alabama Regional,US,67,GAD
Northeast Florida Regional,US,67,UST
Northeast Philadelphia,US,67,PNE
Northern Aroostook Regional,US,67,WFK
Northern Maine Regional,US,67,PQI
Northstar Heliport,US,67,PUO
Northway,US,67,ORT
Northwest Arkansas Regional,US,67,XNA
Northwest Florida Beaches International Airport,US,67,ECP
Northwest Florida Regional,US,67,VPS
Norton Afb,US,67,SBD
Novato,US,67,NOT
Ns,US,67,NRB
Nuiqsut,US,67,NUI
Nulato,US,67,NUL
Nunapitchuk,US,67,NUP
Nyac,US,67,ZNC
Oak Harbor,US,67,ODW
Oakland County International,US,67,PTK
Oakland International Airport,US,67,OAK
Oakland/Coliseum Stat,US,67,OBT
Ocala International,US,67,OCF
Ocean Reef,US,67,OCA
Oceanic,US,67,OCI
Oconee County,US,67,CEU
Off line Point,US,67,XZU
Ogdensburg International,US,67,OGS
Ohio State University,US,67,OSU
Ohio University,US,67,ATO
Okmulgee,US,67,OKM
Old Harbor SPB,US,67,OLH
Old Town,US,67,OLD
Olf Usn,US,67,NEN
Olga Bay SPB,US,67,KOY
Olive Branch Arpt,US,67,OLV
Olney,US,67,ONY
Olney-Noble,US,67,OLY
Olympia Regional,US,67,OLM
Oneal,US,67,OEA
Oneida County,US,67,RHI
Oneida County,US,67,UCA
Onion Bay,US,67,ONN
Ontario International,US,67,ONT
Ontario Municipal Airport,US,67,ONO
Opa Locka,US,67,OPF
Orange County,US,67,MGJ
Orcas Island,US,67,ESD
Orlando Executive,US,67,ORL
Orlando International,US,67,MCO
Orlando Sanford Intl,US,67,SFB
Oroville,US,67,OVE
Osage Beach,US,67,OSB
Oshkosh,US,67,OKS
Otis AFB,US,67,FMH
Otsego County,US,67,GLR
Outagamie County Regional,US,67,ATW
Outlaw Field,US,67,CKV
Ouzinkie SPB,US,67,KOZ
Owatonna,US,67,OWA
Oxnard,US,67,SZP
Ozona Municipal,US,67,OZA
Pacific City State,US,67,PFC
Pack Creek,US,67,PBK
Paf Warren,US,67,PFA
Page,US,67,PGA
Page Field,US,67,FMY
Painter Creek,US,67,PCE
Pal-Waukee,US,67,PWK
Palacios,US,67,PSX
Palestine Municipal Airport,US,67,PSN
Palm Beach Co. Glades,US,67,PHK
Palm Beach County Park,US,67,LNA
Palm Beach International,US,67,PBI
Palm Springs International,US,67,PSP
Palmer Municipal,US,67,PAQ
Palo Alto,US,67,PAO
Pangborn Field,US,67,EAT
Panguitch,US,67,PNU
Park Falls,US,67,PKF
Park Rapids,US,67,PKD
Park Ten Heliport,US,67,JPT
Park Township,US,67,HLM
Parker County,US,67,WEA
Parks SPB,US,67,KPK
Parlin Field,US,67,NWH
Paso Robles,US,67,PRB
Patrick AFB,US,67,COF
Patterson Afb,US,67,FFO
Patuxent River NAS,US,67,NHK
Pauloff Harbor SPB,US,67,KPH
Pauls Valley Municipal Airport,US,67,PVJ
Payson,US,67,PJB
Peach Springs,US,67,PGS
Pearl River County,US,67,PCU
Pease International,US,67,PSM
Peconic River,US,67,CTO
Pecos City,US,67,PEQ
Pecos County,US,67,FST
Pedro Bay,US,67,PDB
Pelican SPB,US,67,PEC
Pellston Regional,US,67,PLN
Penn Valley,US,67,SEG
Pennsylvania Railroad Station,US,67,ZRP
Pensacola Gulf Coast Regional,US,67,PNS
Pentagon Army,US,67,JPN
Peoria International,US,67,PIA
Perimeter Mall,US,67,JAJ
Perry Lefors Field,US,67,PPA
Perry SPB,US,67,PYL
Perry-Foley,US,67,FPY
Perryville SPB,US,67,KPV
Petersburg James A Johnson,US,67,PSG
Petit Jean Park,US,67,MPJ
Phifer Field,US,67,EAN
Philadelphia International,US,67,PHL
Philip,US,67,PHP
Philip Billard,US,67,TOP
Phillips AAF,US,67,APG
Phillips Field,US,67,PII
Phoenix Deer Valley,US,67,DVT
Phoenix Goodyear,US,67,GYR
Phoenix Sky Harbor International Airport,US,67,PHX
Phoenix-Mesa Gateway (Williams Gateway),US,67,AZA
Pickens,US,67,LQK
Piedmont Triad International,US,67,GSO
Pier 11/Wall St. SPB,US,67,NWS
Pierre Regional,US,67,PIR
Pike County,US,67,MCB
Pilot Point,US,67,PIP
Pilot Station,US,67,PQS
Pinal Airpark,US,67,MZJ
Pine Island Airport,US,67,DUF
Pine Ridge,US,67,XPR
Pitt-Greenville,US,67,PGV
Pittsburgh International,US,67,PIT
Pittsfield,US,67,PSF
Placerville,US,67,PVF
Platinum,US,67,PTU
Plattsburgh International,US,67,PBG
Pleasant Harbour,US,67,PTR
Plymouth,US,67,PLY
Plymouth,US,67,PYM
Pocatello Regional,US,67,PIH
Point Baker SPB,US,67,KPB
Point Barrow,US,67,PBA
Point Hope,US,67,PHO
Point Mugu NAS (Naval Base Ventura County,US,67,NTD
Polacca,US,67,PXL
Polk AAF,US,67,POE
Polk Inlet,US,67,POQ
Pompano Beach,US,67,PPM
Ponca City,US,67,PNC
Pope AFB,US,67,POB
Pope Field,US,67,GFD
Pope Vanoy,US,67,PVY
Porcupine Creek,US,67,PCK
Port Alexander,US,67,PTD
Port Alice,US,67,PTC
Port Allen,US,67,PAK
Port Alsworth,US,67,PTA
Port Armstrong,US,67,PTL
Port Bailey SPB,US,67,KPY
Port Clarence,US,67,KPC
Port Columbus International,US,67,CMH
Port Frederick,US,67,PFD
Port Graham,US,67,PGM
Port Heiden,US,67,PTH
Port Johnson,US,67,PRF
Port Largo,US,67,KYL
Port Lions SPB,US,67,ORI
Port Oceanic,US,67,PRL
Port Protection,US,67,PPV
Port San Juan,US,67,PJS
Port Townsend,US,67,TWD
Port Walter,US,67,PWR
Port Williams SPB,US,67,KPR
Portage Creek,US,67,PCA
Porter County,US,67,VPZ
Porterville,US,67,PTV
Portland,US,67,HIO
Portland International,US,67,PDX
Portland International Jetport,US,67,PWM
Poulsbo,US,67,PUL
Powell,US,67,POY
Pratt,US,67,PTT
Prentice,US,67,PRW
Preston-glenn Field,US,67,LYH
Princeton,US,67,PNN
Princeton,US,67,PCT
Princeton,US,67,BLF
Princeton JT Rail,US,67,ZTJ
Princeville,US,67,HPV
Prineville,US,67,PRZ
Prospect Creek,US,67,PPC
Providence Rail,US,67,ZRV
Provincetown,US,67,PVC
Provo,US,67,PVU
Prudhoe Bay/Deadhorse,US,67,SCC
Pueblo Memorial,US,67,PUB
Pulaski County,US,67,SME
Pullman-Moscow Regional,US,67,PUW
Purdue University,US,67,LAF
Pyor,US,67,DCU
Quad City International,US,67,MLI
Quantico NAS,US,67,NYG
Quartz Creek,US,67,JLA
Quartz Hill,US,67,RZH
Queen,US,67,UQE
Quillayute State,US,67,UIL
Quincy Regional,US,67,MQI
R. Lloyd Jones,US,67,RVS
Raleigh,US,67,HSB
Raleigh-durham International,US,67,RDU
Ralph Calhoun,US,67,TAL
Ralph Wien Memorial,US,67,OTZ
Rampart,US,67,RMP
Randolph AFB,US,67,RND
Rangely,US,67,RNG
Ranger Municipal,US,67,RGR
Rapid City Regional,US,67,RAP
Raspberry Strait,US,67,RSP
Rawlins,US,67,RWL
Reading Regional,US,67,RDG
Red Bluff Fss,US,67,RBL
Red Devil,US,67,RDV
Red Dog,US,67,RDB
Redbird,US,67,RBD
Redding Municipal,US,67,RDD
Redstone AAF,US,67,HUA
Redwood Falls Muni,US,67,RWF
Reese AFB,US,67,REE
Regional,US,67,SHV
Rehoboth Beach,US,67,REH
Reid-Hillview,US,67,RHV
Reilly AHP,US,67,RLI
Renner Field,US,67,GLD
Reno-Tahoe International,US,67,RNO
Rensselaer,US,67,RNZ
Renton,US,67,RNT
Rentschler,US,67,EHT
Rep,US,67,MHS
Republic Field,US,67,FRG
Reynolds,US,67,RIF
Reynolds Municipal,US,67,JXN
Rice Lake,US,67,RIE
Richard B Russell,US,67,RMG
Richard I Bong Arpt,US,67,SUW
Richards-Gebaur,US,67,GVW
Richland,US,67,RLD
Richmond International Airport,US,67,RIC
Richmond Municipal Airport,US,67,RID
Richmond VA Rail,US,67,ZRD
Rick Husband Amarillo International,US,67,AMA
Rickenbacker,US,67,LCK
Rinkenberger,US,67,BDF
Riverside Fla-Bob,US,67,RIR
Riverside Municipal,US,67,RAL
Riverton Regional,US,67,RIW
Roanoke Regional (Woodrum Field),US,67,ROA
Robert Gray AAF,US,67,GRK
Robert J. Miller,US,67,MJX
Robert S Kerr,US,67,RKR
Roberts AAF,US,67,SYL
Roberts Field,US,67,RDM
Robins AFB,US,67,WRB
Roche Harbor,US,67,RCE
Rochester International,US,67,RST
Rochester NY Rail,US,67,ZTE
Rock Hill,US,67,RKH
Rocky Mount-wilson Regional,US,67,RWI
Rocky Mountain Metropolitan,US,67,BJC
Rogers,US,67,ROG
Rogue Valley International - Medford,US,67,MFR
Rolla Downtown,US,67,RLA
Rolla National,US,67,VIH
Rollang Field,US,67,RFK
Rome State,US,67,REO
Ronald Reagan Washington National Airport,US,67,DCA
Rooke Field,US,67,RFG
Roosevelt,US,67,ROL
Rosario SPB,US,67,RSJ
Roscoe Turner,US,67,CRX
Roscommon County,US,67,HTL
Rosecrans Memorial,US,67,STJ
Roswell International Air Center,US,67,ROW
Rotunda,US,67,RTD
Roundup,US,67,RPX
Rouses Point,US,67,RSX
Rowan Bay,US,67,RWB
Rowan County,US,67,SRW
Roy Hurd Memorial,US,67,MIF
Ruby,US,67,RBY
Rupert,US,67,BYI
Russell,US,67,RSL
Russian SPB,US,67,RSH
Ruston,US,67,RSN
Rutland Southern Vermont Regional,US,67,RUT
Ryan,US,67,BTR
Ryan Field,US,67,HMT
Sacramento Executive,US,67,SAC
Sacramento International,US,67,SMF
Sacramento Mather Airport,US,67,MHR
Safford Regional,US,67,SAD
Saginaw Bay,US,67,SGW
Sagwon,US,67,SAG
Saint Marys,US,67,KSM
Saint Paul Island,US,67,SNP
Salida,US,67,SLT
Salina,US,67,SBO
Salina Regional,US,67,SLN
Salinas,US,67,SNS
Salmon,US,67,SMN
Salt Lake City International,US,67,SLC
Salt Lake Skypark,US,67,BTF
Salton City,US,67,SAS
Sampson County,US,67,CTZ
Samuels Field,US,67,BRY
San Antonio International,US,67,SAT
San Carlos,US,67,SQL
San Diego International,US,67,SAN
San Fernando,US,67,SFR
San Francisco International,US,67,SFO
San Juan County,US,67,MXC
San Juan SPB,US,67,WSJ
San Luis County Regional Airport,US,67,SBP
San Rafael H/P,US,67,JSG
Sanderson Field,US,67,SHN
Sanford,US,67,SFM
Santa Cruz Island,US,67,SZN
Santa Fe Municipal,US,67,SAF
Santa Maria Pub/Capt G Allan Hancock,US,67,SMX
Santa Monica,US,67,SMO
Santa Ynez,US,67,SQA
Sarasota/Bradenton International,US,67,SRQ
Sarichef,US,67,WSF
Saufley NAS,US,67,NUN
Savannah/Hilton Head International,US,67,SAV
Savoonga,US,67,SVA
Sawyer International,US,67,MQT
Schenectady County,US,67,SCH
Schenectady Rail,US,67,ZTD
Schloredt,US,67,SUC
Scholes Field,US,67,GLS
Schoolcraft County,US,67,ISQ
Scott AFB/Midamerica,US,67,BLV
Scottsdale Municipal,US,67,SCF
Sea Port,US,67,BVD
Seal Bay,US,67,SYB
Searcy,US,67,SRC
Searcy Fld,US,67,SWO
Searle Field,US,67,OGA
Seattle-Tacoma International,US,67,SEA
Sebring Regional,US,67,SEF
Sedalia,US,67,DMO
Sedona,US,67,SDX
Selawik,US,67,WLK
Seldovia,US,67,SOV
Selfield,US,67,SES
Selfridge ANGB,US,67,MTC
Selfs,US,67,MMS
Sequim Valley Arpt,US,67,SQV
Seward,US,67,SWD
Seymour Johnson AFB,US,67,GSB
Shafter-Minter Field,US,67,MIT
Shageluk,US,67,SHX
Shaktoolik,US,67,SKK
Shangri-la,US,67,NRI
Sharpe AAF,US,67,LRO
Sharpe Field,US,67,TGE
Shaw AFB,US,67,SSC
Sheep Mountain,US,67,SMU
Sheffield,US,67,MSL
Shelby,US,67,SBX
Sheldon SPB,US,67,SXP
Shemya AFB,US,67,SYA
Shenandoah Valley,US,67,SHD
Sheppard AFB,US,67,SPS
Sheridan,US,67,SHR
Sherman,US,67,CSM
Sherman AAF,US,67,FLV
Sherman Oaks H/P,US,67,JSN
Sherwood,US,67,PWD
Shishmaref,US,67,SHH
Shively Field,US,67,SAA
Shoal Cove,US,67,HCB
Show Low,US,67,SOW
Shreveport Downtown,US,67,DTN
Shungnak,US,67,SHG
Sidney,US,67,SNY
Sidney,US,67,SXY
Sidney-Richland Municipal,US,67,SDY
Sierra Blanca Regional,US,67,RUI
Sikorsky Heliport,US,67,JSD
Simmons AAF,US,67,FBG
Simmons Nott,US,67,EWN
Sioux Gateway,US,67,SUX
Siskiyou County,US,67,SIY
Sitka Rocky Gutierrez,US,67,SIT
Sitkinak Cgs,US,67,SKJ
Skagit Regional,US,67,MVW
Skagway Municipal,US,67,SGY
Skypark,US,67,SRU
Sleetmute,US,67,SLQ
Sloulin Field Intl,US,67,ISN
Smith Cove,US,67,SCJ
Smith Field,US,67,SMD
Smith Field,US,67,SLG
Smith-Reynolds,US,67,INT
Smyrna,US,67,MQY
Snohomish County - Paine Field,US,67,PAE
Socorro,US,67,ONM
Soldotna,US,67,SXQ
Solomon,US,67,SOL
South Big Horn County,US,67,GEY
South Lake Tahoe,US,67,TVL
South Naknek,US,67,WSN
South Padre Is. Intl,US,67,BRO
South Weymouth,US,67,NZW
Southeast Iowa Regional,US,67,BRL
Southern California Logistics,US,67,VCV
Southern Illinois,US,67,MDH
Southern Seaplane,US,67,BCS
Southern Wisconsin Regional (Rock County),US,67,JVL
Southwest Florida International,US,67,RSW
Southwest Georgia Regional,US,67,ABY
Southwest Michigan Regional,US,67,BEH
Southwest Washington Regional,US,67,KLS
Space Coast Regional,US,67,TIX
Spaceland,US,67,SPX
Sparrevohn AFS,US,67,SVW
Sparta Community,US,67,SAR
Spartanburg Downtown Memorial,US,67,SPA
Spb,US,67,KKI
SPB,US,67,KCN
SPB,US,67,EXI
SPB,US,67,FNR
SPB,US,67,HWI
SPB,US,67,HYL
SPB,US,67,HYG
SPB,US,67,WHD
SPB,US,67,KIB
SPB,US,67,KAE
SPB,US,67,KKB
SPB,US,67,MTM
SPB,US,67,WMK
SPB,US,67,MPB
SPB,US,67,PKA
SPB,US,67,PMU
SPB,US,67,PSQ
SPB,US,67,SCM
SPB,US,67,WSB
SPB,US,67,KTH
SPB,US,67,WYB
Spence,US,67,MUL
Spirit Lake,US,67,RTL
Spirit Of St Louis,US,67,SUS
Splane Memorial,US,67,OIL
Spokane International,US,67,GEG
Springdale Muni,US,67,SPZ
Springfield,US,67,SGH
Springfield-Branson National,US,67,SGF
St Clair County,US,67,PLR
St George Island,US,67,STG
St Landry Parish,US,67,OPL
St Louis Regional,US,67,ALN
St Lucie County,US,67,FPR
St Marys,US,67,XSM
St Marys,US,67,STQ
St Marys County,US,67,LTW
St Michael,US,67,SMK
St. Clair County International,US,67,PHN
St. Johns Industrial Air Park,US,67,SJN
St. Louis Downtown,US,67,CPS
St. Petersburg-Clearwater International,US,67,PIE
State,US,67,BDY
State,US,67,ESW
State,US,67,GOL
State,US,67,HES
State,US,67,NPT
State,US,67,SCB
State,US,67,VSF
Statesboro-Bulloch County Airport,US,67,TBR
Steamboat Springs,US,67,SBS
Stebbins,US,67,WBB
Steel Pier Hlpt,US,67,JSL
Stefan Field,US,67,OFK
Stellar Air Park,US,67,SLJ
Stephens County,US,67,BKD
Stevens Field,US,67,PGO
Stevens Point,US,67,STE
Stevens Village,US,67,SVS
Stewart International,US,67,SWF
Stinson Municipal,US,67,SSF
Stockton Metropolitan,US,67,SCK
Stolport,US,67,VLO
Stony River,US,67,SRV
Stouffers Heliport,US,67,KPD
Stroud,US,67,SUD
Stuart Island,US,67,SSW
Stuttgart Municipal,US,67,SGT
Suffolk County,US,67,FOK
Sugar Land Regional,US,67,SGR
Sullivan County International,US,67,MSV
Sulphur Springs,US,67,SLR
Summit,US,67,UMM
Sun River,US,67,SUO
Susanville,US,67,SVE
Sussex County,US,67,GED
Sweetwater,US,67,SWW
Sweetwater County,US,67,RKS
Sylvester,US,67,SYV
Syracuse Hancock International,US,67,SYR
Syracuse NY Rail,US,67,ZYQ
T. F. Green State,US,67,PVD
Tahneta Pass,US,67,HNE
Takotna,US,67,TCT
Taku SPB,US,67,TKL
Talkeetna,US,67,TKA
Talladega Municipal,US,67,ASN
Tallahassee Regional,US,67,TLH
Tamiami,US,67,TMB
Tampa International,US,67,TPA
Tanalian Point,US,67,TPO
Taos Regional,US,67,TSM
Tatalina AFS,US,67,TLJ
Tatitlek,US,67,TEK
Taylor,US,67,TWE
Taylor,US,67,TYZ
Technology Park,US,67,JAE
Ted Stevens Anchorage International,US,67,ANC
Telfair-Wheeler,US,67,MQW
Telida,US,67,TLF
Teller,US,67,TLA
Telluride Regional,US,67,TEX
Tenakee SPB,US,67,TKE
Terre Haute International,US,67,HUF
Terrebonne,US,67,HUM
Terrell Field,US,67,TRL
Test Range,US,67,XSD
Teterboro,US,67,TEB
Tetlin,US,67,TEH
Texarkana Regional-Webb Field,US,67,TXK
The City Heliport,US,67,JOR
The Florida Keys Marathon,US,67,MTH
The Hattiesburg-Bobby L. Chain Mun.,US,67,HBG
Thermal,US,67,TRM
Thief River Falls Regional,US,67,TVF
Thomas C Russell Fld,US,67,ALX
Thompson-Robbins,US,67,HEE
Thompsonfield,US,67,THM
Thorne Bay,US,67,KTB
Tin City Afs,US,67,TNC
Tinker AFB,US,67,TIK
Tipton AAF,US,67,FME
Toccoa RG Letourneau Field,US,67,TOC
Togiak Fish,US,67,GFB
Togiak Village,US,67,TOG
Tok,US,67,TKJ
Tokeen,US,67,TKI
Toksook Bay,US,67,OOK
Toledo,US,67,TDZ
Toledo Express,US,67,TOL
Tonopah Arpt,US,67,TPH
Topp Of Tampa,US,67,KYO
Torrance Airport,US,67,TOA
Tradewind,US,67,TDW
Transco Twr Galleria,US,67,JGQ
Travis AFB,US,67,SUU
Tremonton,US,67,TRT
Trent Lott International,US,67,PGL
Trenton Mercer Airport,US,67,TTN
Trenton Rail STN,US,67,ZTN
Tri County,US,67,LNR
Tri-Cities,US,67,PSC
Tri-Cities Regional,US,67,TRI
Tri-City,US,67,PPF
Tri-City,US,67,SBT
Tri-State Steuben County,US,67,ANQ
Tri-State/Milton Ferguson Field,US,67,HTS
Trona,US,67,TRH
Troutdale,US,67,TTD
Troy Municipal,US,67,TOI
Truckee-Tahoe,US,67,TKF
Truth Or Consequences Municipal,US,67,TCS
TSTC Waco Airport,US,67,CNW
Tuba City,US,67,TBC
Tucson International,US,67,TUS
Tucumcari Municipal,US,67,TCC
Tullahoma/William Northern Field,US,67,THA
Tulsa International,US,67,TUL
Tuluksak,US,67,TLT
Tunica Municipal,US,67,UTM
Tuntutuliak,US,67,WTL
Tununak,US,67,TNK
Tupelo Regional,US,67,TUP
Tweed-New Haven Regional,US,67,HVN
Twentynine Palms,US,67,TNP
Twin Hills,US,67,TWA
Two Harbors,US,67,TWH
Tyler Pounds Regional Airport,US,67,TYR
Tyndall Afb,US,67,PAM
Tyonek,US,67,TYE
Uganik,US,67,UGI
Ugashik,US,67,UGS
Ugashik Bay,US,67,UGB
Ukiah,US,67,UKI
Umiat,US,67,UMT
Umnak,US,67,UNS
Unalakleet,US,67,UNK
Union Station H/P,US,67,JLX
Universal City H/P,US,67,JUC
University Of Illinois Willard,US,67,CMI
University Park Airport,US,67,SCE
University-Oxford,US,67,UOX
Upolu Point,US,67,UPP
Upper Bucks,US,67,UKT
US Army Heliport,US,67,JLH
USAF Academy Airstrip,US,67,AFF
USAF Heliport,US,67,WWS
USN Heliport,US,67,NDV
Utica Nny Rail,US,67,ZUA
Vail Van Service,US,67,QBF
Valdez Pioneer Field,US,67,VDZ
Valdosta Regional,US,67,VLD
Valley International,US,67,HRL
Van De Graaf,US,67,TCL
Van Nuys,US,67,VNY
Van Service,US,67,QKB
Van Service,US,67,QKS
Van Service,US,67,QWP
Vance Afb,US,67,END
Vandalia,US,67,VLA
Vandenberg AFB,US,67,VBG
VanGalder Bus Termina,US,67,ZRK
Venetie,US,67,VEE
Venice Municipal,US,67,VNC
Ventura County Camarillo,US,67,OXR
Vermilion County,US,67,DNV
Vernal,US,67,VEL
Vero Beach Municipal,US,67,VRB
Versailles,US,67,VRS
Vicksburg Municipal,US,67,VKS
Vidalia Municipal,US,67,VDI
View Cove,US,67,VCB
Village SPB,US,67,KWP
Virgil I Grissom Muni,US,67,BFR
Virginia Highlands,US,67,VJI
Virginia Tech,US,67,BCB
Visalia Municipal,US,67,VIS
Volk Field,US,67,VOK
Vor,US,67,OTO
W T Piper Memorial,US,67,LHV
Waco Regional,US,67,ACT
Wahpeton,US,67,WAH
Waikoloa Airport,US,67,WKL
Wainwright,US,67,AIN
Waldron Island,US,67,WDN
Wales,US,67,WAA
Walker Field,US,67,GJT
Walla Walla,US,67,ALW
Wallops Flight Center,US,67,WAL
Walnut Ridge Regional,US,67,ARG
Walt Disney World,US,67,DWS
Walter J. Koladza Airport,US,67,GBR
Waltham,US,67,WLM
Ware,US,67,UWA
Ware County,US,67,AYS
Warm Spring Bay SPB,US,67,BNF
Warner Cntr Bus. Plaza,US,67,JWC
Warren AFB,US,67,FEW
Warren County,US,67,BWG
Warren County,US,67,RNC
Warren Field,US,67,OCW
Warroad International Memorial,US,67,RRT
Wash. County Regional,US,67,HGR
Washington County,US,67,WSG
Washington Dulles International,US,67,IAD
Wasilla,US,67,WWA
Waterbury-Oxford,US,67,OXC
Waterfall SPB,US,67,KWF
Waterfront SPB,US,67,WFB
Waterloo Regional,US,67,ALO
Watertown International,US,67,ART
Watertown Municipal,US,67,ATY
Waterville Robert Lafleur,US,67,WVL
Watsonville,US,67,WVI
Waukegan Regional,US,67,UGN
Waukesha County (Crites Field),US,67,UES
Wayne County,US,67,BJJ
Webb AFB,US,67,BGS
Weedon Field,US,67,EUF
Weide AAF,US,67,EDG
Weld County,US,67,GXY
Wendover,US,67,ENV
West 30th St Heliport,US,67,JRA
West Bend,US,67,ETB
West Houston,US,67,IWS
West Kavik,US,67,VKW
West Kuparuk,US,67,XPU
West Woodward,US,67,WWR
Westchase Hilton H/P,US,67,JWH
Westchester County,US,67,HPN
Westerly State,US,67,WST
Western Nebraska Regional,US,67,BFF
Westover ARB/Metropolitan,US,67,CEF
Westsound,US,67,WSX
Whale Pass,US,67,WWP
Wharton,US,67,WHT
Wheeler AFB,US,67,HHI
Wheeling Ohio Co,US,67,HLG
Whidbey Island NAS (Ault Field),US,67,NUW
White Mountain,US,67,WMO
White River,US,67,WTR
White River,US,67,LEB
White Sand Regional,US,67,ALM
Whiteman,US,67,WHP
Whiteman AFB,US,67,SZL
Whiteside County,US,67,SQI
Whiting Field NAS,US,67,NSE
Wichita Mid-Continent,US,67,ICT
Wicomico Regional,US,67,SBY
Wildman Lake,US,67,EWD
Wiley Post,US,67,PWA
Wiley Post/W.Rogers M,US,67,BRW
Wilgrove Air Park,US,67,QWG
Wilkes County,US,67,IKB
Wilkes-barre/scranton International,US,67,AVP
Wilkes-Barre/Wyoming Valley,US,67,WBW
Will Rogers World Airport,US,67,OKC
William J Fox,US,67,WJF
William P Hobby,US,67,HOU
William R Fairchild International,US,67,CLM
Williams Memorial,US,67,PTN
Williamsburg Rail,US,67,ZWB
Williamson County Regional,US,67,MWA
Williamsport Regional,US,67,IPT
Willmar,US,67,ILL
Willow,US,67,WOW
Willow Grove NAS,US,67,NXX
Willow Run,US,67,YIP
Wilmington International,US,67,ILM
Wilmington Rail,US,67,ZWI
Winder,US,67,WDR
Windom Municipal,US,67,MWM
Wings Field,US,67,BBX
Wink,US,67,INK
Winlock,US,67,TDO
Winnemucca,US,67,WMC
Winslow-Lindbergh,US,67,INW
Winston County,US,67,LMS
Winston Field,US,67,SNK
Wiscasset,US,67,ISS
Wise,US,67,LNP
Wiseman,US,67,WSM
Witham Field,US,67,SUA
Wittman Field,US,67,OSH
Wk Kellogg Regional,US,67,BTL
Wood River,US,67,WOD
Woodchopper,US,67,WOO
Woodlands,US,67,JWL
Woodward Fld,US,67,CDN
Worcester Regional,US,67,ORH
Worland Municipal,US,67,WRL
Worthington,US,67,OTG
Wrangell SPB,US,67,WRG
Wrench Creek,US,67,WRH
Wright AAF,US,67,LIY
Wright AFB,US,67,DWF
Wurtsmith AFB,US,67,OSC
Yakima Air Terminal,US,67,YKM
Yakutat,US,67,YAK
Yampa Valley,US,67,HDN
Yeager,US,67,CRW
Yelland,US,67,ELY
Yellowstone,US,67,WYS
Yellowstone Regional,US,67,COD
Yerington,US,67,EYR
York Airport,US,67,THV
Yosemite Ntl Park,US,67,OYS
Youngstown,US,67,YNG
Yreka,US,67,RKC
Yuba County,US,67,MYV
Yucca Flat,US,67,UCC
Yuma MCAS/Yuma International,US,67,YUM
Zachar Bay SPB,US,67,KZB
Zahns,US,67,AYZ
Zanesville,US,67,ZZV
Zephyrhills Municipal,US,67,ZPH
Zwara,US,67,WAX
Johnston Island,UM,5,JON
Sand Island Field,UM,5,MDY
Wake Island,UM,5,AWK
Antonio Nery Juarbe,PR,3,ARE
Antonio Rivera Rodriguez,PR,3,VQS
Culebra,PR,3,CPX
Diego Jimenez Torres,PR,3,FAJ
Dorado Beach,PR,3,DDP
Eugenio M De Hostos,PR,3,MAZ
Humacao Arpt,PR,3,HUC
Isla Grande,PR,3,SIG
Luis Munoz Marin International,PR,3,SJU
Mercedita,PR,3,PSE
Palmas Del Mar,PR,3,PPD
Rafael Hernández,PR,3,BQN
Roosevelt Roads Naval Station(No longer in operation),PR,3,NRR
Cyril E King Airport,VI,4,STT
Downtown Heliport,VI,4,JCD
Henry E Rohlsen,VI,4,STX
SPB,VI,4,SSB
SPB,VI,4,SPB
St John Island,VI,4,SJF
